open_timestamp_utc,close_timestamp_utc,open,high,low,close,volume
1555671600,1555675199,231.97,232.49,229.51,230.01,7.93
1555675200,1555678799,231.87,231.99,229.51,229.51,27.12
1555678800,1555682399,230.0,232.08,229.66,232.01,22.28
1555682400,1555685999,229.78,232.02,228.0,228.17,24.44
1555686000,1555689599,231.88,231.88,228.45,231.36,28.43
1555689600,1555693199,231.12,240.83,230.95,235.0,216.62
1555693200,1555696799,235.1,237.8,235.1,237.78,14.18
1555696800,1555700399,237.74,237.78,235.45,236.01,11.32
1555700400,1555703999,236.01,237.09,231.57,236.58,26.99
1555704000,1555707599,237.66,237.68,234.51,237.43,11.44
1555707600,1555711199,234.51,236.8,231.2,233.56,54.05
1555711200,1555714799,233.92,235.9,233.59,234.54,1.88
1555714800,1555718399,235.89,236.85,233.79,236.85,4.27
1555718400,1555721999,236.85,237.51,235.75,235.75,5.78
1555722000,1555725599,236.99,237.0,236.67,237.0,9.97
1555725600,1555729199,237.0,237.0,237.0,237.0,13.42
1555729200,1555732799,236.26,236.97,235.45,235.61,18.84
1555732800,1555736399,235.43,236.99,235.43,236.99,2.35
1555736400,1555739999,236.99,237.0,235.6,237.0,3.0
1555740000,1555743599,237.0,237.66,235.54,237.6,26.3
1555743600,1555747199,237.67,237.67,235.84,237.59,2.08
1555747200,1555750799,237.78,237.78,233.57,235.29,65.56
1555750800,1555754399,235.1,235.1,234.7,234.7,0.882
1555754400,1555757999,233.54,234.05,233.03,233.09,12.73
1555758000,1555761599,234.15,236.19,233.22,233.22,6.52
1555761600,1555765199,233.91,234.4,233.53,234.08,2.09
1555765200,1555768799,233.27,234.35,232.91,232.96,7.43
1555768800,1555772399,233.9,233.94,232.7,233.38,11.1
1555772400,1555775999,232.7,235.6,232.7,234.36,7.97
1555776000,1555779599,234.77,235.24,232.71,234.55,3.27
1555779600,1555783199,234.08,234.85,232.59,234.85,13.15
1555783200,1555786799,232.6,235.19,232.59,233.85,4.42
1555786800,1555790399,234.32,234.32,233.84,233.87,4.56
1555790400,1555793999,233.84,234.67,233.5,233.83,22.67
1555794000,1555797599,234.41,234.41,227.0,227.01,9.7
1555797600,1555801199,230.69,234.57,230.17,232.8,7.26
1555801200,1555804799,232.62,233.06,231.41,231.41,27.97
1555804800,1555808399,233.18,234.15,232.19,234.15,7.54
1555808400,1555811999,234.15,234.15,232.01,233.35,10.2
1555812000,1555815599,233.35,234.76,233.35,234.76,37.69
1555815600,1555819199,233.6,233.6,233.6,233.6,0.611
1555819200,1555822799,233.75,233.75,233.12,233.12,19.06
1555822800,1555826399,232.0,232.0,229.26,229.26,45.92
1555826400,1555829999,231.09,232.16,231.09,232.16,0.619
1555830000,1555833599,230.73,232.64,228.61,228.61,20.76
1555833600,1555837199,228.6,230.18,227.0,228.36,235.31
1555837200,1555840799,227.77,229.54,220.3,220.34,204.38
1555840800,1555844399,222.0,229.87,220.84,221.84,64.34
1555844400,1555847999,223.06,223.09,220.5,222.3,17.87
1555848000,1555851599,220.76,222.46,217.0,219.19,59.27
1555851600,1555855199,222.58,223.1,220.51,222.64,3.53
1555855200,1555858799,222.59,222.68,220.28,220.28,10.77
1555858800,1555862399,222.19,222.93,219.29,220.55,12.48
1555862400,1555865999,222.68,222.92,220.06,221.69,4.25
1555866000,1555869599,220.01,222.68,218.5,218.5,50.06
1555869600,1555873199,219.45,222.31,218.85,221.04,27.73
1555873200,1555876799,222.5,222.82,220.48,222.68,7.17
1555876800,1555880399,222.8,222.82,222.03,222.81,25.39
1555880400,1555883999,222.01,222.82,222.01,222.81,2.16
1555884000,1555887599,222.81,228.04,222.81,228.0,24.47
1555887600,1555891199,225.01,226.54,223.73,223.73,4.69
1555891200,1555894799,227.99,227.99,227.99,227.99,0.0394
1555894800,1555898399,227.31,227.31,224.26,224.35,46.92
1555898400,1555901999,224.25,224.25,223.0,223.0,25.04
1555902000,1555905599,223.96,224.44,222.17,222.17,110.3
1555905600,1555909199,223.48,223.72,222.53,222.53,1.4
1555909200,1555912799,223.83,223.83,223.83,223.83,0.343
1555912800,1555916399,222.09,223.62,222.09,223.12,3.89
1555916400,1555919999,222.7,223.74,222.23,222.79,6.43
1555920000,1555923599,223.72,227.91,223.72,227.57,11.07
1555923600,1555927199,225.85,227.65,224.79,226.36,61.43
1555927200,1555930799,227.76,229.29,226.25,229.19,265.49
1555930800,1555934399,229.08,229.09,226.53,226.53,168.6
1555934400,1555937999,228.15,228.22,226.51,226.62,15.29
1555938000,1555941599,225.76,226.41,223.5,224.05,114.26
1555941600,1555945199,224.09,226.33,223.0,226.33,11.32
1555945200,1555948799,225.57,227.9,223.75,225.03,67.67
1555948800,1555952399,225.38,225.38,223.5,224.29,13.4
1555952400,1555955999,224.83,227.06,223.42,226.03,43.81
1555956000,1555959599,226.51,227.47,223.51,225.82,30.5
1555959600,1555963199,227.39,227.39,225.19,227.35,15.6
1555963200,1555966799,227.09,227.47,225.88,227.47,10.84
1555966800,1555970399,225.9,227.36,225.01,227.22,12.98
1555970400,1555973999,225.88,227.5,225.88,227.5,20.55
1555974000,1555977599,226.7,227.71,225.81,227.12,3.06
1555977600,1555981199,225.79,226.39,225.78,225.78,5.18
1555981200,1555984799,226.37,226.39,225.78,226.39,2.46
1555988400,1555991999,226.17,227.45,226.17,227.45,1.25
1555992000,1555995599,227.37,238.16,227.37,235.88,117.99
1555995600,1555999199,235.0,236.22,234.57,235.09,13.7
1555999200,1556002799,236.09,236.66,233.18,233.6,6.44
1556002800,1556006399,234.9,236.37,233.89,235.67,11.74
1556006400,1556009999,235.67,237.52,234.41,234.41,90.03
1556010000,1556013599,234.98,234.98,233.1,233.93,24.95
1556013600,1556017199,233.7,234.49,233.01,234.45,28.97
1556017200,1556020799,233.35,233.62,230.01,233.05,18.71
1556020800,1556024399,233.06,234.0,231.36,234.0,21.18
1556024400,1556027999,234.0,235.0,232.91,233.5,95.73
1556028000,1556031599,232.89,234.6,232.63,234.03,19.27
1556031600,1556035199,234.03,234.26,230.0,230.37,38.81
1556035200,1556038799,230.55,232.43,229.13,231.95,33.63
1556038800,1556042399,231.42,233.15,230.92,231.17,10.56
1556042400,1556045999,230.32,231.49,229.83,229.83,15.39
1556046000,1556049599,230.14,231.4,229.0,229.01,28.01
1556049600,1556053199,230.21,230.77,228.14,228.14,8.03
1556053200,1556056799,228.15,229.68,228.0,229.68,19.81
1556056800,1556060399,228.46,228.46,224.42,227.99,182.32
1556060400,1556063999,227.99,227.99,224.05,224.28,12.0
1556064000,1556067599,224.0,225.7,224.0,224.0,14.43
1556067600,1556071199,223.75,223.75,218.7,221.65,348.39
1556071200,1556074799,221.65,221.69,221.65,221.69,2.21
1556074800,1556078399,224.58,224.58,224.58,224.58,10.86
1556078400,1556081999,223.0,223.83,222.82,222.82,98.36
1556082000,1556085599,224.08,224.37,221.01,224.37,63.39
1556085600,1556089199,221.97,224.9,221.0,222.03,65.35
1556089200,1556092799,222.17,222.95,210.26,213.01,157.89
1556092800,1556096399,213.65,218.87,213.65,215.0,135.29
1556096400,1556099999,214.5,215.06,210.26,212.5,97.91
1556100000,1556103599,212.5,213.72,210.0,210.87,64.89
1556103600,1556107199,212.63,216.08,211.31,214.75,30.71
1556107200,1556110799,214.5,216.41,213.25,213.25,28.38
1556110800,1556114399,214.67,215.46,211.68,211.68,72.29
1556114400,1556117999,212.0,215.54,212.0,214.84,126.88
1556118000,1556121599,213.88,215.07,213.0,213.0,5.41
1556121600,1556125199,213.47,214.4,210.5,210.5,16.5
1556125200,1556128799,210.72,215.44,209.71,211.36,119.22
1556128800,1556132399,210.19,211.72,209.04,210.49,43.81
1556132400,1556135999,210.51,214.91,210.51,212.85,136.57
1556136000,1556139599,212.82,214.0,212.82,213.98,22.58
1556139600,1556143199,213.92,214.0,212.69,213.01,65.14
1556143200,1556146799,213.65,220.39,213.0,217.19,117.8
1556146800,1556150399,217.35,217.35,214.26,216.24,6.97
1556150400,1556153999,216.25,219.49,216.25,219.49,8.82
1556154000,1556157599,218.0,220.93,218.0,220.93,3.49
1556157600,1556161199,219.5,219.5,218.25,218.25,1.85
1556161200,1556164799,217.75,217.75,215.25,215.57,3.32
1556164800,1556168399,219.69,219.71,217.56,218.27,2.39
1556168400,1556171999,216.19,216.87,216.14,216.14,1.39
1556172000,1556175599,216.5,216.5,214.52,215.77,6.75
1556175600,1556179199,214.5,217.84,214.17,217.82,11.04
1556179200,1556182799,217.36,217.36,216.01,217.12,1.83
1556182800,1556186399,216.5,217.72,215.0,216.81,22.62
1556186400,1556189999,218.2,221.76,218.2,220.75,112.95
1556190000,1556193599,219.57,220.38,218.67,220.31,16.14
1556193600,1556197199,220.2,220.85,219.5,220.08,19.54
1556197200,1556200799,219.85,219.85,217.76,218.26,4.36
1556200800,1556204399,218.5,219.01,216.75,218.51,3.39
1556204400,1556207999,218.67,219.26,217.73,218.84,2.11
1556208000,1556211599,218.84,219.35,218.34,219.35,5.19
1556211600,1556215199,219.46,219.46,218.05,219.26,20.69
1556215200,1556218799,219.57,219.57,218.26,218.32,6.46
1556218800,1556222399,218.34,219.76,218.29,219.76,15.93
1556222400,1556225999,219.54,220.0,218.75,219.69,5.27
1556226000,1556229599,219.69,220.88,215.75,215.75,10.48
1556229600,1556233199,215.5,215.5,202.0,206.45,394.9
1556233200,1556236799,206.0,206.0,203.97,205.63,62.75
1556236800,1556240399,205.23,207.29,202.0,205.06,182.54
1556240400,1556243999,204.85,206.32,204.36,204.36,6.04
1556244000,1556247599,204.18,210.27,203.71,206.64,109.0
1556247600,1556251199,207.3,207.34,205.67,206.54,146.95
1556251200,1556254799,205.82,207.26,205.08,205.11,7.71
1556254800,1556258399,205.74,206.65,205.17,205.82,7.34
1556258400,1556261999,205.81,205.81,203.36,203.36,56.75
1556262000,1556265599,203.69,205.85,203.69,205.33,46.07
1556265600,1556269199,204.69,205.73,203.71,204.97,19.95
1556269200,1556272799,204.49,213.76,201.75,201.75,278.79
1556272800,1556276399,201.79,204.04,201.33,202.48,74.48
1556276400,1556279999,202.03,203.01,200.25,201.87,79.55
1556280000,1556283599,202.03,203.63,200.35,202.75,113.15
1556283600,1556287199,202.74,203.14,201.44,202.56,18.66
1556287200,1556290799,202.83,202.89,201.53,201.83,14.85
1556290800,1556294399,202.39,202.42,199.7,199.7,67.02
1556294400,1556297999,199.71,199.71,194.23,197.75,230.62
1556298000,1556301599,196.93,200.33,196.57,197.71,51.6
1556301600,1556305199,198.58,199.0,195.96,196.07,77.83
1556305200,1556308799,195.63,198.63,195.57,197.62,18.0
1556308800,1556312399,199.71,200.64,197.82,197.82,67.26
1556312400,1556315999,198.93,200.99,196.83,200.99,49.8
1556316000,1556319599,200.99,204.94,200.28,201.0,37.0
1556319600,1556323199,201.44,203.54,200.07,202.22,29.27
1556323200,1556326799,202.46,203.47,200.75,200.75,44.32
1556326800,1556330399,201.94,202.68,201.79,201.79,4.36
1556330400,1556333999,201.81,201.81,201.16,201.16,12.73
1556334000,1556337599,200.45,200.45,200.45,200.45,0.0128
1556337600,1556341199,200.67,200.67,200.6,200.6,0.748
1556341200,1556344799,201.86,204.08,201.47,202.39,35.74
1556344800,1556348399,202.45,203.88,202.45,203.28,3.98
1556348400,1556351999,201.42,202.02,200.39,200.39,10.13
1556352000,1556355599,201.2,202.41,200.64,201.69,7.96
1556355600,1556359199,201.69,201.69,200.0,201.02,39.72
1556359200,1556362799,200.03,201.47,199.5,199.5,56.87
1556362800,1556366399,201.48,201.48,201.16,201.28,0.164
1556366400,1556369999,201.33,201.78,200.14,200.32,40.73
1556370000,1556373599,199.46,201.35,199.23,201.16,8.59
1556373600,1556377199,201.81,201.81,201.0,201.0,6.67
1556377200,1556380799,200.92,202.42,200.81,202.42,71.95
1556380800,1556384399,200.68,203.68,200.68,203.66,28.79
1556384400,1556387999,203.58,204.9,202.92,203.02,13.83
1556388000,1556391599,203.02,204.24,201.34,203.88,13.45
1556391600,1556395199,203.94,205.6,203.69,203.69,22.3
1556395200,1556398799,204.42,204.58,201.27,203.21,33.37
1556398800,1556402399,203.88,207.31,202.91,203.74,8.01
1556402400,1556405999,203.6,204.14,203.0,204.14,0.575
1556406000,1556409599,202.91,203.34,201.31,201.31,13.21
1556409600,1556413199,201.76,201.76,201.76,201.76,0.762
1556413200,1556416799,202.2,202.2,202.2,202.2,0.1
1556416800,1556420399,201.29,201.69,201.29,201.69,0.2
1556427600,1556431199,201.22,201.22,201.0,201.0,1.0
1556431200,1556434799,201.0,201.02,201.0,201.02,4.52
1556434800,1556438399,200.54,201.11,200.54,201.11,0.332
1556438400,1556441999,201.94,202.65,200.95,202.65,5.75
1556442000,1556445599,203.3,203.3,202.7,202.7,0.589
1556445600,1556449199,201.74,204.81,200.13,204.55,15.08
1556449200,1556452799,202.77,204.91,202.77,204.91,1.32
1556452800,1556456399,204.3,204.3,200.02,200.02,72.92
1556456400,1556459999,203.2,204.93,201.55,201.55,45.82
1556460000,1556463599,201.55,201.69,200.0,200.29,26.76
1556463600,1556467199,200.95,202.06,200.45,202.0,8.82
1556467200,1556470799,202.05,202.05,200.11,200.11,4.24
1556470800,1556474399,200.01,200.13,198.45,198.45,142.61
1556474400,1556477999,197.89,197.89,191.51,192.55,144.64
1556478000,1556481599,194.64,195.57,188.0,189.94,95.44
1556481600,1556485199,189.89,193.19,189.47,191.88,37.31
1556485200,1556488799,190.56,191.98,190.55,191.96,40.01
1556488800,1556492399,191.96,194.22,191.54,194.22,88.22
1556492400,1556495999,194.11,194.11,192.4,192.72,4.22
1556496000,1556499599,193.15,193.18,193.15,193.18,0.222
1556499600,1556503199,192.03,193.25,191.42,192.37,49.14
1556503200,1556506799,192.81,193.39,192.81,193.39,0.593
1556506800,1556510399,193.63,193.63,191.36,191.36,2.99
1556510400,1556513999,193.93,193.94,193.73,193.73,8.7
1556517600,1556521199,193.41,193.41,192.08,192.24,8.94
1556521200,1556524799,192.8,192.8,191.03,192.25,142.7
1556524800,1556528399,191.01,191.97,190.97,190.97,6.23
1556528400,1556531999,190.51,191.86,187.0,188.56,122.86
1556532000,1556535599,190.14,190.14,183.05,183.71,259.94
1556535600,1556539199,184.71,186.21,183.75,184.75,62.39
1556539200,1556542799,185.51,185.56,178.15,182.29,380.15
1556542800,1556546399,180.43,182.46,178.63,181.8,126.75
1556546400,1556549999,184.1,185.97,183.0,183.88,69.63
1556550000,1556553599,183.6,183.6,181.19,183.31,72.29
1556553600,1556557199,181.54,186.63,181.54,184.35,35.86
1556557200,1556560799,185.54,186.0,183.33,185.41,21.41
1556560800,1556564399,185.07,185.39,183.12,183.12,22.62
1556564400,1556567999,184.62,184.81,183.15,184.67,18.18
1556568000,1556571599,183.49,184.38,181.42,183.28,101.47
1556571600,1556575199,182.01,183.89,181.57,182.46,60.35
1556575200,1556578799,182.3,182.39,176.55,178.79,272.44
1556578800,1556582399,178.6,180.0,176.57,180.0,30.44
1556582400,1556585999,181.35,185.0,181.34,183.69,91.28
1556586000,1556589599,184.89,184.98,184.89,184.98,0.183
1556589600,1556593199,185.0,185.75,184.0,185.23,126.1
1556593200,1556596799,182.06,182.06,182.05,182.05,2.75
1556596800,1556600399,182.68,182.68,180.66,180.66,1.21
1556600400,1556603999,180.57,180.96,179.6,180.29,5.83
1556604000,1556607599,181.46,183.03,180.98,181.02,78.44
1556607600,1556611199,182.01,183.92,181.97,182.17,36.69
1556611200,1556614799,182.73,183.66,182.09,182.6,107.64
1556614800,1556618399,182.09,182.63,180.84,182.55,37.2
1556618400,1556621999,182.98,192.08,182.7,189.29,194.51
1556622000,1556625599,188.75,193.57,188.75,191.83,213.95
1556625600,1556629199,190.8,191.83,189.65,190.54,26.23
1556629200,1556632799,191.0,193.59,189.7,192.27,149.54
1556632800,1556636399,192.27,199.99,191.52,194.04,144.21
1556636400,1556639999,195.02,195.02,193.72,194.39,14.67
1556640000,1556643599,194.08,194.26,192.17,194.14,69.16
1556643600,1556647199,194.82,195.21,194.0,194.0,52.61
1556647200,1556650799,193.38,194.5,193.34,194.5,5.5
1556650800,1556654399,194.5,194.72,193.23,193.83,18.06
1556654400,1556657999,193.3,194.38,191.6,193.77,51.98
1556658000,1556661599,193.37,196.07,193.35,194.21,35.72
1556661600,1556665199,195.68,202.76,194.89,202.76,132.93
1556665200,1556668799,202.78,204.18,200.84,204.1,53.21
1556668800,1556672399,204.59,211.93,204.59,209.76,174.42
1556672400,1556675999,211.2,211.2,208.88,208.88,10.99
1556676000,1556679599,207.39,209.06,207.25,207.25,8.87
1556679600,1556683199,205.48,207.57,205.45,206.48,95.05
1556683200,1556686799,206.09,206.09,202.64,202.64,4.77
1556686800,1556690399,205.34,206.43,205.15,205.45,14.07
1556690400,1556693999,204.51,209.5,204.51,209.5,98.4
1556694000,1556697599,209.5,209.5,205.62,206.91,47.66
1556697600,1556701199,205.0,206.37,202.35,203.23,261.29
1556701200,1556704799,203.45,205.76,202.76,205.76,10.1
1556704800,1556708399,206.05,206.05,203.51,204.43,12.62
1556708400,1556711999,205.33,205.81,204.51,205.51,91.04
1556712000,1556715599,205.51,205.51,200.55,203.93,125.47
1556715600,1556719199,203.23,203.65,201.41,202.36,6.16
1556719200,1556722799,202.7,204.01,201.73,202.22,8.86
1556722800,1556726399,201.64,203.93,201.64,201.92,5.7
1556726400,1556729999,203.99,207.16,203.66,204.99,79.77
1556730000,1556733599,205.42,206.73,204.43,206.53,13.8
1556733600,1556737199,206.75,206.84,204.08,204.89,4.28
1556737200,1556740799,204.66,204.75,203.01,203.5,34.05
1556740800,1556744399,203.41,204.95,203.01,204.95,3.21
1556744400,1556747999,205.0,205.0,203.27,203.27,3.22
1556748000,1556751599,202.38,203.91,202.2,202.78,7.12
1556751600,1556755199,203.78,205.5,203.72,205.31,101.45
1556755200,1556758799,205.75,205.75,205.09,205.33,1.17
1556758800,1556762399,202.9,202.9,202.89,202.89,1.17
1556762400,1556765999,203.4,203.4,203.39,203.39,2.27
1556766000,1556769599,203.84,203.84,203.84,203.84,0.0987
1556773200,1556776799,204.36,204.36,203.51,204.1,0.984
1556776800,1556780399,203.1,205.37,203.1,204.49,7.5
1556780400,1556783999,205.97,210.0,205.97,208.49,185.52
1556784000,1556787599,208.5,211.9,208.5,211.69,49.45
1556787600,1556791199,210.51,211.65,208.23,209.73,26.77
1556791200,1556794799,209.71,209.98,209.71,209.96,4.24
1556794800,1556798399,209.07,210.0,208.82,209.48,19.28
1556798400,1556801999,209.98,210.37,209.39,209.45,22.83
1556802000,1556805599,208.75,208.75,206.0,206.0,80.89
1556805600,1556809199,206.48,207.77,206.14,207.15,41.55
1556809200,1556812799,207.67,207.96,206.01,207.34,17.67
1556812800,1556816399,207.23,208.22,201.01,204.08,192.35
1556816400,1556819999,203.45,204.43,203.12,203.94,51.83
1556820000,1556823599,203.12,203.74,201.72,201.72,8.56
1556823600,1556827199,202.92,204.45,202.72,202.82,19.43
1556827200,1556830799,202.07,204.62,201.88,204.52,16.89
1556830800,1556834399,205.29,205.79,204.42,205.35,7.56
1556834400,1556837999,204.5,205.7,204.1,204.1,27.37
1556838000,1556841599,204.98,205.4,203.67,204.85,49.6
1556841600,1556845199,203.0,203.0,203.0,203.0,0.5
1556845200,1556848799,206.1,206.1,203.14,203.17,10.55
1556848800,1556852399,206.77,206.77,206.77,206.77,0.0192
1556852400,1556855999,205.95,205.95,204.85,204.85,2.98
1556856000,1556859599,205.22,206.99,205.22,206.99,29.48
1556859600,1556863199,206.5,207.0,205.26,206.69,18.53
1556863200,1556866799,205.68,208.88,205.44,207.83,65.44
1556866800,1556870399,206.44,209.0,206.32,208.34,54.91
1556870400,1556873999,208.43,208.43,205.07,205.59,153.42
1556874000,1556877599,206.0,228.7,205.04,225.36,424.35
1556877600,1556881199,224.0,227.77,220.04,220.04,490.21
1556881200,1556884799,221.25,222.3,221.21,221.22,38.45
1556884800,1556888399,221.7,224.94,221.21,223.01,82.31
1556888400,1556891999,223.59,224.9,222.39,224.33,45.65
1556892000,1556895599,222.81,224.44,218.48,219.67,250.46
1556895600,1556899199,218.87,219.85,217.57,219.44,35.78
1556899200,1556902799,218.51,221.5,218.51,219.77,23.05
1556902800,1556906399,218.74,219.85,215.42,215.42,47.86
1556906400,1556909999,216.06,219.76,216.06,216.69,68.17
1556910000,1556913599,218.56,218.57,217.1,218.09,9.54
1556913600,1556917199,217.44,218.09,217.44,218.09,4.11
1556917200,1556920799,217.99,219.0,217.84,219.0,38.1
1556920800,1556924399,218.66,218.66,217.8,217.8,6.62
1556924400,1556927999,218.59,218.59,217.95,218.59,0.178
1556928000,1556931599,218.61,227,218.45,227,361.57
1556931600,1556935199,226.95,232.78,226.95,230.82,230.61
1556935200,1556938799,230.84,235.52,228.31,228.31,156.24
1556938800,1556942399,229.43,229.64,222.89,224.92,58.22
1556942400,1556945999,223.1,223.1,217.01,219.62,31.28
1556946000,1556949599,217.17,217.93,210.39,217.87,77.59
1556949600,1556953199,216.42,219.12,212.45,219.12,119.75
1556953200,1556956799,219.61,221.69,217.92,220.24,70.12
1556956800,1556960399,220.18,220.18,217.68,219.21,20.83
1556960400,1556963999,218.68,219.38,214.47,214.47,35.08
1556964000,1556967599,213.8,217.7,213.8,216.99,91.8
1556967600,1556971199,216.99,217.05,216.25,217.05,11.73
1556971200,1556974799,216.87,216.87,213.54,214.5,123.89
1556974800,1556978399,216.09,216.29,205,206.04,277.72
1556978400,1556981999,209.47,210.44,205.01,208,67.58
1556982000,1556985599,207.75,209.44,207.5,208.69,25.41
1556985600,1556989199,207.01,214.45,207.01,213.28,56.73
1556989200,1556992799,211.75,216.59,211.4,212.26,43.83
1556992800,1556996399,212.26,214.31,210.51,213.4,36.95
1556996400,1556999999,213.46,214.89,211.1,212.26,12.01
1557000000,1557003599,214.07,218,213.85,217.99,41.64
1557003600,1557007199,216,223.33,215.99,220.4,162.46
1557007200,1557010799,219.49,220.75,219.49,219.92,25.57
1557010800,1557014399,219.9,220,218.05,218.36,45.08
1557014400,1557017999,219.94,219.94,214.97,218.82,52.95
1557018000,1557021599,218.87,222,218.87,221.42,55.27
1557021600,1557025199,216.82,220.81,216.82,220.81,2.45
1557025200,1557028799,217.78,218.61,217.78,218.6,7.6
1557028800,1557032399,220.27,220.66,217.23,218.25,2.39
1557032400,1557035999,220.12,223.74,217.1,223.74,32.75
1557036000,1557039599,223.04,224.9,219.69,219.69,10.64
1557039600,1557043199,223.03,223.03,216.7,216.81,45.34
1557043200,1557046799,218.19,220.95,215.04,220.95,19.83
1557046800,1557050399,219.85,220.76,218.62,218.62,39.39
1557050400,1557053999,219.07,221,217,221,9.36
1557054000,1557057599,220.28,220.41,218.54,219.01,6.99
1557057600,1557061199,219.15,222.24,218.3,220.27,52.12
1557061200,1557064799,222.19,222.71,220.36,220.88,10.49
1557064800,1557068399,220.77,221.53,218.67,218.85,4.07
1557068400,1557071999,220.31,221.16,219.28,219.28,3.89
1557072000,1557075599,219.91,225,219.48,225,57.03
1557075600,1557079199,222,223.18,220.44,220.56,4.99
1557079200,1557082799,220.01,222.37,218.02,222.09,32.4
1557082800,1557086399,221.04,223.98,220.94,221.16,7.4
1557086400,1557089999,222.08,224,222.08,222.73,34.81
1557090000,1557093599,223.99,224,221.3,221.31,55.41
1557093600,1557097199,221.31,222.86,218.79,221.28,102.55
1557097200,1557100799,220.93,222.71,220.93,221.02,4.37
1557100800,1557104399,220,220,215.67,215.67,60.39
1557104400,1557107999,217.77,217.78,212.41,214.67,115.78
1557108000,1557111599,216.05,216.69,215.42,216.69,20.56
1557111600,1557115199,216.49,216.58,214.53,214.53,0.924
1557115200,1557118799,214.5,215.44,214.5,214.92,13.96
1557118800,1557122399,215.92,216.83,215.17,215.17,1.8
1557122400,1557125999,213.54,215.38,213.54,214.98,28.76
1557126000,1557129599,214.44,214.45,209.5,209.5,79.39
1557129600,1557133199,211.41,213.12,211.23,212,92.12
1557133200,1557136799,212.42,215.77,212.42,215,26.82
1557136800,1557140399,215.69,216.91,215,215,17.73
1557140400,1557143999,217.24,217.93,217.01,217.01,0.195
1557144000,1557147599,217,217,214.99,214.99,6.51
1557147600,1557151199,215.45,216.9,215.45,215.5,3.62
1557151200,1557154799,215.53,220.05,215.51,220.05,53.74
1557154800,1557158399,219.98,221.07,218.27,220.02,47.11
1557158400,1557161999,220.6,223.9,220.6,223.06,151.38
1557162000,1557165599,221.5,223,219.84,221,22.25
1557165600,1557169199,221.66,223.09,220.66,221.26,35.25
1557169200,1557172799,222.27,222.48,220.4,222.13,5.38
1557172800,1557176399,220.45,222.22,218.66,218.66,20.35
1557176400,1557179999,219.76,221.79,218.17,219.57,116.48
1557180000,1557183599,219.73,221.18,219.73,220.31,2.5
1557183600,1557187199,219.66,219.66,219.19,219.19,1.17
1557187200,1557190799,220,225,218.83,225,94.16
1557190800,1557194399,223.58,223.58,220.27,221.1,38.76
1557194400,1557197999,223.99,225.59,220.73,223.5,29.8
1557198000,1557201599,224.7,225.41,222.89,222.89,20.38
1557201600,1557205199,222.85,222.85,218.01,222.3,154.19
1557205200,1557208799,222.01,223.53,220.51,222.99,6.22
1557208800,1557212399,222.5,222.82,221.62,221.62,12.44
1557212400,1557215999,221.01,222.38,220.03,222.38,17.27
1557216000,1557219599,222.34,222.95,221.61,222.59,10.18
1557219600,1557223199,222.86,224,222.03,223.75,31.09
1557223200,1557226799,224,224.1,222.81,223.6,4.97
1557226800,1557230399,222.81,222.81,222.02,222.04,12.72
1557230400,1557233999,222.02,225.52,222.02,224.6,77.02
1557234000,1557237599,224,225.83,223.67,225.83,14.07
1557237600,1557241199,225.28,225.28,216,216.26,156.3
1557241200,1557244799,218.88,219.13,217.85,218.07,13.63
1557244800,1557248399,218.5,220.36,218.1,219.25,2.79
1557248400,1557251999,219.83,220.68,218.1,219.46,87.19
1557252000,1557255599,218.75,219.6,217.55,217.55,14.25
1557255600,1557259199,217.54,218.57,216.1,218.41,30.93
1557259200,1557262799,218.31,220,216.73,218.3,12.83
1557262800,1557266399,218.95,220,218.16,218.16,10.31
1557266400,1557269999,219.99,220.3,219.01,220.3,12.52
1557270000,1557273599,222,224.54,215,215,123
1557273600,1557277199,214.75,215.11,206.51,213.53,494.27
1557277200,1557280799,214.08,216.7,213.48,216.7,18.7
1557280800,1557284399,215.5,215.51,214.75,214.75,1.13
1557284400,1557287999,214.56,217.31,213.74,214.33,57.44
1557288000,1557291599,214.3,216.81,214.3,216.81,1.58
1557291600,1557295199,215.41,218.09,215.4,218.09,8.56
1557295200,1557298799,215.53,218.92,215.53,217.47,5.25
1557298800,1557302399,217.49,217.53,216,216,27.71
1557302400,1557305999,216,219,215.56,217.49,69.51
1557306000,1557309599,215.91,218.94,215.9,217.42,59.23
1557309600,1557313199,217.96,218.19,216.1,217.5,9.81
1557313200,1557316799,218.12,219.5,216.92,216.92,19.21
1557316800,1557320399,219.48,219.48,217,217,32.1
1557320400,1557323999,216.64,218.27,216.5,218.27,61.49
1557324000,1557327599,218.1,218.1,215.13,215.5,16.61
1557327600,1557331199,216.75,219.96,216.26,218.05,87.34
1557331200,1557334799,218.14,218.28,216.5,216.5,28.44
1557334800,1557338399,216.48,218.46,216.48,217.9,19.73
1557338400,1557341999,217.52,217.88,216.75,217.38,8.05
1557342000,1557345599,217.79,218,216.75,216.83,8.05
1557345600,1557349199,217.77,218.12,216.78,218.12,39.99
1557349200,1557352799,217.1,218.11,216.31,218.11,5.65
1557352800,1557356399,218.11,219.12,217.06,219.12,56.28
1557356400,1557359999,218.78,220.92,217.54,218.61,57.98
1557360000,1557363599,219.53,220.6,217.96,220.6,18.8
1557363600,1557367199,220.8,223.85,220.62,223.85,61.03
1557367200,1557370799,222.38,223.27,222.1,223.27,10.83
1557370800,1557374399,222.75,222.88,222.53,222.53,0.791
1557374400,1557377999,222.94,223.06,222.94,223.03,22.47
1557378000,1557381599,223.03,223.34,220,220.29,45.89
1557381600,1557385199,219.87,222.2,217,220.9,37.73
1557385200,1557388799,218.66,219.88,217.78,218.25,27.69
1557388800,1557392399,219.29,221.2,218.74,220,60.44
1557392400,1557395999,220,220.61,219.13,220.61,31.24
1557396000,1557399599,219.45,220.41,219.15,219.15,19.18
1557399600,1557403199,220.06,220.06,217.14,218,41.63
1557403200,1557406799,218.56,219.98,216.01,217.48,19.82
1557406800,1557410399,218,219.32,218,218.92,3.8
1557410400,1557413999,218.28,218.46,217.01,217.59,34.38
1557414000,1557417599,217,217.5,215.62,215.62,30.44
1557417600,1557421199,215.81,216.62,215.5,216.15,17.69
1557421200,1557424799,215.56,215.92,212.5,213.52,170.83
1557424800,1557428399,213.9,213.9,211,213,97.42
1557428400,1557431999,213.68,217,212.84,212.84,58.75
1557432000,1557435599,214.19,218.31,214.19,218.31,21.85
1557435600,1557439199,217.01,220.57,216.85,219,57.82
1557439200,1557442799,219,219.16,216.33,219.16,21.33
1557442800,1557446399,218.82,218.82,216.89,216.89,6.7
1557446400,1557449999,217.96,217.96,213.75,213.75,53.83
1557450000,1557453599,213.5,215.12,212.97,213.78,29.85
1557453600,1557457199,217.19,217.49,214.44,215.33,10.57
1557457200,1557460799,216.63,216.63,214.86,215.18,13.74
1557460800,1557464399,215.05,227.24,215.05,226.15,626.31
1557464400,1557467999,226.18,226.18,222.68,223.31,61.68
1557468000,1557471599,223.99,224,219.23,223.11,199.13
1557471600,1557475199,223.11,224.29,222.24,224.25,122.04
1557475200,1557478799,224.13,225.5,218.65,218.65,46.64
1557478800,1557482399,218.67,220.59,217.57,220.59,38.06
1557482400,1557485999,220.71,221.79,218.7,219.17,37.76
1557486000,1557489599,219.25,219.9,219,219.9,6.85
1557489600,1557493199,219.82,219.82,217,218.99,26.75
1557493200,1557496799,218.64,220.41,218.08,218.6,68.52
1557496800,1557500399,217.61,218.83,216.35,217.85,99.43
1557500400,1557503999,217.46,219.22,216.76,219.05,32.41
1557504000,1557507599,218.31,220.77,218.31,219.77,29.91
1557507600,1557511199,218.87,223.24,218.03,222.26,53.54
1557511200,1557514799,223.04,223.09,220.8,221.04,7.7
1557518400,1557521999,221.05,223,218.14,219.92,18.63
1557522000,1557525599,220.67,220.74,219.92,220.68,4.95
1557525600,1557529199,219.94,221,218.32,221,15.82
1557529200,1557532799,221,222.22,219.92,220.69,13.57
1557532800,1557536399,221.3,222.24,220.35,222.24,2.78
1557536400,1557539999,222.31,222.44,219.95,221.67,4.09
1557540000,1557543599,221.67,223.62,221.32,222.62,32.27
1557543600,1557547199,223.62,225.12,222.49,222.49,83.58
1557547200,1557550799,222.99,222.99,221.32,222.11,6.93
1557550800,1557554399,224.96,230,224.94,229.4,180.76
1557554400,1557557999,227.32,232,222.98,223.23,74.16
1557558000,1557561599,227.79,230.55,224.72,229.57,77.53
1557561600,1557565199,228.39,243.15,227.15,239.98,421.8
1557565200,1557568799,238.04,242.2,237.69,240.11,335.11
1557568800,1557572399,240.11,252.87,240.11,251.32,560.9
1557572400,1557575999,250.16,251.28,244.1,245.84,209.32
1557576000,1557579599,244.87,247.17,243.94,246.53,77.1
1557579600,1557583199,246.47,249,246.02,246.02,95.28
1557583200,1557586799,247.11,247.94,244.26,244.81,156.82
1557586800,1557590399,245.6,250,245.6,250,168.27
1557590400,1557593999,249.02,251.86,247.54,247.58,172.96
1557594000,1557597599,247.8,261.91,246.15,261.9,204.18
1557597600,1557601199,261,262.53,258.44,262,262.79
1557601200,1557604799,261.67,262.76,257,257.5,149.85
1557604800,1557608399,257.5,261.78,257.5,261.55,131.86
1557608400,1557611999,259.76,266.43,258.31,266.43,123.74
1557612000,1557615599,266.9,273.12,264.68,269.5,343.03
1557615600,1557619199,271.2,299.99,270.05,275.01,775.85
1557619200,1557622799,275.01,286.86,259,261.43,522.73
1557622800,1557626399,264.99,276.96,264.99,273.18,175.96
1557626400,1557629999,273.1,276.07,268,268,81.68
1557630000,1557633599,265.53,276.85,263.79,263.79,137.67
1557633600,1557637199,274.87,283.63,270.85,281.68,71.47
1557637200,1557640799,283.74,290.94,282.79,288.02,72.31
1557640800,1557644399,288.02,289.64,280.21,287.81,142.59
1557644400,1557647999,288,295.39,286.02,293.99,368.11
1557648000,1557651599,293.75,294,262.28,284.13,485.05
1557651600,1557655199,285.18,289.36,278.03,282.24,239.18
1557655200,1557658799,281.76,283.96,268.5,268.51,221.23
1557658800,1557662399,268.65,276.41,261.76,271,736.2
1557662400,1557665999,271,273.57,265.52,273.57,245.78
1557666000,1557669599,273.28,280,270.91,270.91,58.93
1557669600,1557673199,271.2,275.76,262.58,262.58,172.26
1557673200,1557676799,265.39,268.86,251.4,260.91,358.04
1557676800,1557680399,262.08,268.08,259.99,259.99,227.57
1557680400,1557683999,259.18,267.52,258.7,264.59,145.07
1557684000,1557687599,267.09,273,265.04,271.78,67.6
1557687600,1557691199,272.25,273,267.89,270.5,45.83
1557691200,1557694799,271.7,278.48,269.65,276.19,174.8
1557694800,1557698399,278.47,281.38,276.8,278.86,153.93
1557698400,1557701999,277.09,277.44,268.66,270.78,96.39
1557702000,1557705599,270.21,274.52,267.9,274.52,145.42
1557705600,1557709199,270.24,277.37,270.07,275.15,6
1557709200,1557712799,277.28,278.13,273.78,273.78,8.05
1557712800,1557716399,274,276.76,273.53,274.65,40.96
1557716400,1557719999,275.94,275.95,274.71,274.71,30.06
1557720000,1557723599,273.64,276.12,273.64,276.12,1.6
1557723600,1557727199,278,278.84,275.03,275.03,45.18
1557727200,1557730799,275.07,276.95,272.01,275.72,169.19
1557730800,1557734399,272.45,273.97,269.01,271.78,248.06
1557734400,1557737999,270,272.88,268.49,271.11,105.02
1557738000,1557741599,271.74,275.22,271.74,273,48.75
1557741600,1557745199,273.01,274.69,271.47,273.74,5.19
1557745200,1557748799,274.16,283.24,272.8,279.99,95.06
1557748800,1557752399,279,285.52,278.04,282.12,295.96
1557752400,1557755999,282.12,285.5,279.58,281.43,84.47
1557756000,1557759599,281.69,287.22,280,283.88,151.55
1557759600,1557763199,283.68,307,283.68,304.81,851.85
1557763200,1557766799,304.34,315.63,300.02,305.67,628.39
1557766800,1557770399,305,307.5,296.02,299,365.53
1557770400,1557773999,298.96,305,295.86,304.63,261.37
1557774000,1557777599,302.32,307.81,302.24,306.91,216.26
1557777600,1557781199,306.23,307.98,301.02,301.71,176.89
1557781200,1557784799,301,313.41,300.47,309.15,289.46
1557784800,1557788399,309.21,312.85,298.26,298.26,270.78
1557788400,1557791999,298.8,300.49,286.07,299.79,261.2
1557792000,1557795599,295.53,305.86,295,304,102.99
1557795600,1557799199,304,305.5,300.01,300.4,29.07
1557799200,1557802799,304.18,308.27,300,304,91.34
1557802800,1557806399,306.29,309.88,301.11,301.11,71.66
1557806400,1557809999,303.71,309.91,301.4,306.12,36.68
1557810000,1557813599,309.73,318.24,305,307.79,330.45
1557813600,1557817199,305.1,314.09,305.09,309.69,123.52
1557817200,1557820799,311.9,317.74,309.03,317.34,287.81
1557820800,1557824399,316.07,316.07,301.21,303.83,394.48
1557824400,1557827999,307.17,309.62,302.03,304.5,193.3
1557828000,1557831599,304.5,306.73,300,303.93,120.33
1557831600,1557835199,305.58,307.75,301.9,304,51.7
1557835200,1557838799,304,310.73,304,308.24,83.82
1557838800,1557842399,308.53,308.53,302.92,306.9,48.6
1557842400,1557845999,305.27,309,299.03,302.87,86
1557846000,1557849599,301.51,304.98,294.01,294.28,186.04
1557849600,1557853199,294,299.96,280,299.36,625.29
1557853200,1557856799,299.33,301.11,294.5,296,196.17
1557856800,1557860399,299.79,299.89,287.75,288.01,175.79
1557860400,1557863999,289.97,294.91,283.75,288.8,313.59
1557864000,1557867599,288.28,292.97,285.03,287.59,54.98
1557867600,1557871199,289.94,293.55,286.3,291.24,74.53
1557871200,1557874799,291.65,300,289.28,297.84,107.26
1557874800,1557878399,297.15,309,297.15,304.44,566.43
1557878400,1557881999,300.85,308.77,298.58,301.6,65.82
1557882000,1557885599,302,305.99,298.34,299.44,59.93
1557885600,1557889199,300.1,300.57,296,300.57,106.13
1557889200,1557892799,303,304.79,300.8,304.69,24.58
1557892800,1557896399,303.22,304.39,299.08,299.08,43.19
1557896400,1557899999,299.01,303.95,299.01,300.01,28.54
1557900000,1557903599,300.86,302.84,299.5,300.08,79.07
1557903600,1557907199,301.35,301.79,292.72,293.56,102.73
1557907200,1557910799,294.03,297.47,291.55,294.31,39.03
1557910800,1557914399,295.52,303.94,293.59,303.23,104.71
1557914400,1557917999,303.97,305,300,300.63,80.19
1557918000,1557921599,300.35,300.35,295.49,296.52,18.27
1557921600,1557925199,295.45,302.5,293.8,299.62,129.43
1557925200,1557928799,300.16,301.79,295,299.74,116.87
1557928800,1557932399,298.66,298.66,290,293.61,137.88
1557932400,1557935999,292.08,301,292.08,301,106.55
1557936000,1557939599,300.99,311,298,309,449.31
1557939600,1557943199,308.68,320,307.06,312,517.02
1557943200,1557946799,312.23,313.89,308.22,310.63,105.67
1557946800,1557950399,311.55,311.99,306.81,310.01,224.17
1557950400,1557953999,310.86,311.92,307.95,308.37,59.08
1557954000,1557957599,306.03,312.33,305.28,311.69,146.05
1557957600,1557961199,310.79,317,308.47,317,182.44
1557961200,1557964799,317,321,314.03,316.95,672.23
1557964800,1557968399,315.05,328.78,311.32,328.78,476.13
1557968400,1557971999,328.23,352.53,322.39,344.33,418.37
1557972000,1557975599,346.33,349.81,339.01,346.28,162.04
1557975600,1557979199,347.65,349.81,336.79,339.38,128.1
1557979200,1557982799,340.35,340.52,319,322.44,219.03
1557982800,1557986399,322.44,344.99,321.14,322.83,76.69
1557986400,1557989999,323.25,335.46,321.51,334.78,242.19
1557990000,1557993599,332.37,334.55,323.01,328.8,242.09
1557993600,1557997199,325.83,329.96,323.15,326.1,76.61
1557997200,1558000799,322.98,330,317,317.03,55.97
1558000800,1558004399,317.86,321.12,300,309.87,365.31
1558004400,1558007999,310.32,317.7,307.71,312.54,170.53
1558008000,1558011599,312.2,314.69,302.23,302.23,152.07
1558011600,1558015199,307.74,310.9,306.03,310.9,19.77
1558015200,1558018799,311,325.41,311,324.12,119.21
1558018800,1558022399,325.45,331.85,319.62,331.2,284.26
1558022400,1558025999,328.76,335.11,318.03,318.03,216.29
1558026000,1558029599,317.6,321.18,311.33,316.33,74.92
1558029600,1558033199,316.31,321.08,312.56,319.6,61.7
1558033200,1558036799,313.89,316.54,307.31,312.73,77.96
1558036800,1558040399,314,315.2,301.59,302.4,211.53
1558040400,1558043999,301.01,317.13,301.01,316.7,156.36
1558044000,1558047599,313.88,319.97,310.0,310.0,145.13039976
1558047600,1558051199,311.37,312.52,307.88,310.54,23.31882154
1558051200,1558054799,312.52,322.4,307.01,318.17,229.399183
1558054800,1558058399,314.45,314.45,305.0,308.34,99.51481982
1558058400,1558061999,306.01,309.29,288.04,288.04,130.05602698
1558062000,1558065599,293.3,296.18,267.16,291.86,231.13510176
1558065600,1558069199,291.36,295.85,277.08,284.9,95.2600499
1558069200,1558072799,286.44,293.65,277.77,279.95,135.22408225
1558072800,1558076399,277.78,289.76,275.05,280.26,268.17491238
1558076400,1558079999,285.48,292.72,284.03,287.51,215.87577469
1558080000,1558083599,288.54,293.83,284.0,288.08,35.06571034
1558083600,1558087199,288.08,291.0,284.5,290.32,112.72509108
1558087200,1558090799,288.1,289.63,281.13,281.87,53.83599851
1558090800,1558094399,280.3,283.23,268.87,277.0,142.397238
1558094400,1558097999,276.15,278.64,265.01,275.34,184.32179222
1558098000,1558101599,277.56,283.73,273.29,282.13,162.32113776
1558101600,1558105199,284.06,284.77,276.59,277.15,58.81936878
1558105200,1558108799,274.3,278.62,270.54,270.54,174.04165487
1558108800,1558112399,270.97,280.0,266.2,273.68,90.08806789
1558112400,1558115999,276.66,277.16,270.26,271.42,40.90644596
1558116000,1558119599,272.64,278.11,272.53,275.85,25.81110161
1558119600,1558123199,278.16,279.87,272.14,279.87,63.74145267
1558123200,1558126799,280.0,283.86,279.55,282.56,46.77260221
1558126800,1558130399,282.69,290.0,282.59,290.0,69.42368097
1558130400,1558133999,290.0,292.04,284.96,284.96,64.67051739
1558134000,1558137599,283.21,292.7,283.07,292.09,26.82500084
1558137600,1558141199,292.98,297.02,288.0,290.73,33.11142777
1558141200,1558144799,290.05,290.35,285.0,285.0,8.43649511
1558144800,1558148399,289.24,290.52,286.17,290.52,0.94848402
1558148400,1558151999,289.82,294.88,285.92,294.77,42.84753682
1558152000,1558155599,291.98,294.39,287.37,292.34,6.40152302
1558155600,1558159199,289.69,294.97,289.64,293.98,73.44110085
1558159200,1558162799,293.0,295.81,290.13,290.26,47.04182794
1558162800,1558166399,292.01,293.7,281.72,281.72,41.93860368
1558166400,1558169999,284.22,293.38,281.65,285.01,82.66695209
1558170000,1558173599,285.0,285.0,278.0,281.99,103.13706565
1558173600,1558177199,280.83,286.41,280.51,286.41,28.09519158
1558177200,1558180799,286.47,288.74,283.11,286.74,37.16725665
1558180800,1558184399,284.45,287.13,282.69,283.6,34.76105171
1558184400,1558187999,283.45,285.59,280.38,285.51,10.48492846
1558188000,1558191599,285.51,285.51,284.54,285.51,49.13438545
1558191600,1558195199,284.93,289.38,284.11,288.07,83.79152122
1558195200,1558198799,289.88,289.89,287.39,288.93,4.57391837
1558198800,1558202399,288.76,288.96,282.53,287.99,12.74198715
1558202400,1558205999,287.99,288.0,282.94,287.88,77.68506782
1558206000,1558209599,284.43,288.0,284.43,287.77,8.27220512
1558209600,1558213199,286.22,287.77,286.22,287.77,1.58426506
1558213200,1558216799,286.86,290.99,286.44,290.3,39.39408673
1558216800,1558220399,289.86,290.51,287.04,287.04,11.96416431
1558220400,1558223999,287.04,287.16,282.55,285.46,21.30239269
1558224000,1558227599,284.01,287.09,284.0,285.93,3.70836733
1558227600,1558231199,287.3,298.0,287.3,298.0,69.17695721
1558231200,1558234799,298.0,305.65,298.0,300.0,28.53696411
1558234800,1558238399,300.0,310.0,299.67,308.55,86.91601043
1558238400,1558241999,306.66,313.7,304.59,309.85,145.40813716
1558242000,1558245599,311.88,314.99,311.88,312.28,137.72998761
1558245600,1558249199,313.98,319.79,309.53,311.32,70.07268514
1558249200,1558252799,311.57,319.8,311.57,316.44,98.87524168
1558252800,1558256399,315.9,319.8,312.58,315.97,182.9099817
1558256400,1558259999,317.15,329.99,315.15,329.01,244.71564346
1558260000,1558263599,329.99,332.98,324.11,326.16,463.86347859
1558263600,1558267199,323.79,329.85,317.57,323.24,178.3791989
1558267200,1558270799,320.32,324.69,313.01,324.45,326.7253693
1558270800,1558274399,323.89,325.89,315.59,318.43,107.36179048
1558274400,1558277999,318.94,323.03,316.15,322.93,106.03534402
1558278000,1558281599,323.79,325.4,315.51,324.22,29.71554658
1558281600,1558285199,324.03,331.0,321.09,327.5,101.27236828
1558285200,1558288799,327.5,334.61,325.54,331.0,255.13320293
1558288800,1558292399,330.99,331.0,325.49,330.09,98.82638366
1558292400,1558295999,330.57,331.9,328.01,329.72,60.74581177
1558296000,1558299599,329.69,331.89,327.0,331.89,245.28142573
1558299600,1558303199,331.89,335.0,331.05,334.67,185.07556151
1558303200,1558306799,334.3,339.46,328.04,338.12,223.18602971
1558306800,1558310399,337.34,339.87,327.19,329.73,287.09175677
1558310400,1558313999,328.87,328.87,313.51,318.4,264.30644967
1558314000,1558317599,318.4,323.89,316.93,322.85,85.81892624
1558317600,1558321199,323.01,323.03,316.83,316.83,39.18959597
1558321200,1558324799,319.62,329.23,319.62,329.23,21.73403569
1558324800,1558328399,330.0,331.36,325.0,325.0,77.23963896
1558328400,1558331999,322.88,325.23,319.63,321.58,34.21147464
1558332000,1558335599,321.65,324.96,315.49,316.84,96.54874671
1558335600,1558339199,317.05,323.34,316.77,317.44,72.30374051
1558339200,1558342799,317.13,321.0,313.4,319.0,50.77394507
1558342800,1558346399,319.0,321.96,315.74,321.96,25.0765827
1558346400,1558349999,321.56,323.13,317.46,322.41,45.98724623
1558350000,1558353599,319.65,320.16,316.21,316.46,26.03217173
1558353600,1558357199,321.85,321.85,306.36,310.0,118.83961035
1558357200,1558360799,309.28,312.5,299.0,312.18,195.57288033
1558360800,1558364399,312.18,316.48,309.95,316.48,29.08110571
1558364400,1558367999,315.22,322.19,313.53,321.85,83.93960312
1558368000,1558371599,319.96,321.9,316.15,319.4,44.78303397
1558371600,1558375199,320.23,320.23,313.8,316.09,53.65083946
1558375200,1558378799,313.69,317.84,312.01,316.31,61.60625711
1558378800,1558382399,314.38,319.5,314.06,319.44,12.74747759
1558382400,1558385999,319.44,327.77,318.82,326.41,151.2578972
1558386000,1558389599,326.98,329.98,323.55,323.83,43.31833536
1558389600,1558393199,325.97,328.23,321.56,323.56,73.58438661
1558393200,1558396799,324.02,327.49,322.86,326.33,50.28371801
1558396800,1558400399,327.62,331.5,324.14,325.98,63.95863566
1558400400,1558403999,327.51,329.17,325.03,327.02,32.32483913
1558404000,1558407599,325.27,325.67,322.0,323.81,40.37747834
1558407600,1558411199,326.27,326.47,323.83,323.83,2.41832425
1558411200,1558414799,321.22,323.2,317.78,317.78,9.60009346
1558414800,1558418399,317.78,322.74,315.06,322.74,24.87557448
1558418400,1558421999,323.09,326.93,321.08,326.93,31.08271133
1558422000,1558425599,325.45,326.06,323.48,324.14,9.7882405
1558425600,1558429199,323.5,327.88,323.5,325.1,63.44963682
1558429200,1558432799,325.89,330.0,324.51,326.38,256.06183532
1558432800,1558436399,327.98,327.98,322.03,323.8,14.83707944
1558436400,1558439999,324.47,325.88,320.0,321.94,59.43024647
1558440000,1558443599,322.03,329.91,320.13,329.91,270.91556655
1558443600,1558447199,330.0,353.07,326.95,331.0,687.77927799
1558447200,1558450799,331.26,331.26,324.82,327.2,77.791461
1558450800,1558454399,329.16,330.01,324.96,326.01,38.0676487
1558454400,1558457999,325.9,330.0,325.84,329.91,88.48792287
1558458000,1558461599,328.39,332.25,328.39,332.25,68.16737503
1558461600,1558465199,332.54,336.18,330.39,333.37,113.95668794
1558465200,1558468799,334.14,335.64,331.8,335.64,77.7311531
1558468800,1558472399,335.89,338.84,334.28,336.9,61.10308817
1558472400,1558475999,336.9,338.8,330.39,330.39,64.32590474
1558476000,1558479599,330.38,334.87,328.83,332.0,144.9800253
1558479600,1558483199,332.78,332.91,330.4,331.64,8.36743548
1558483200,1558486799,330.72,334.61,330.4,333.01,10.00982397
1558486800,1558490399,333.44,333.44,330.02,330.91,147.63498935
1558490400,1558493999,329.39,331.51,328.52,330.14,9.9333495
1558494000,1558497599,330.32,330.32,325.5,325.5,122.08950606
1558497600,1558501199,325.9,327.48,324.9,327.36,23.55883232
1558501200,1558504799,326.7,329.1,326.43,327.76,26.883146
1558504800,1558508399,328.07,328.89,327.03,327.67,10.43254435
1558508400,1558511999,327.75,329.34,325.01,325.01,56.34158253
1558512000,1558515599,327.45,328.53,325.0,327.18,12.2662198
1558515600,1558519199,325.81,327.48,322.5,322.5,111.77678666
1558519200,1558522799,322.0,325.18,320.77,323.19,62.29070798
1558522800,1558526399,323.92,323.92,316.3,318.34,92.44056121
1558526400,1558529999,318.13,324.21,318.13,320.02,23.14132792
1558530000,1558533599,320.72,323.88,319.01,323.07,14.4741509
1558533600,1558537199,324.83,324.83,320.62,321.12,46.23210832
1558537200,1558540799,320.21,331.33,320.11,327.93,101.33020946
1558540800,1558544399,328.91,329.11,323.18,324.47,31.72434054
1558544400,1558547999,323.96,325.95,319.53,321.01,23.1888034
1558548000,1558551599,321.0,324.45,319.01,324.45,94.42793889
1558551600,1558555199,324.15,324.15,320.71,322.1,19.58594178
1558555200,1558558799,321.71,324.0,312.63,319.34,173.67369268
1558558800,1558562399,318.71,320.53,302.7,305.03,240.54730463
1558562400,1558565999,306.02,315.23,300.03,314.95,120.78287529
1558566000,1558569599,312.91,315.86,306.01,306.01,33.02551586
1558569600,1558573199,307.74,312.41,304.21,312.41,37.48218046
1558573200,1558576799,312.99,313.46,307.37,307.69,57.56385658
1558576800,1558580399,309.74,312.33,307.74,309.9,6.82888291
1558580400,1558583999,307.7,309.76,306.03,309.63,17.10863173
1558584000,1558587599,309.28,313.29,306.87,308.33,121.36579347
1558587600,1558591199,308.47,308.93,303.89,303.91,16.8979043
1558591200,1558594799,304.0,305.95,297.01,305.43,178.58146296
1558594800,1558598399,305.99,305.99,300.26,302.25,17.38927346
1558598400,1558601999,301.77,302.15,296.3,297.23,199.76797205
1558602000,1558605599,296.13,302.0,292.3,302.0,81.27309337
1558605600,1558609199,302.0,308.74,301.5,308.74,66.15984683
1558609200,1558612799,308.35,308.35,303.86,304.18,35.85989983
1558612800,1558616399,303.76,306,301.17,306.0,98.86156005
1558616400,1558619999,308.84,310,306.1,309.15,27.14342402
1558620000,1558623599,309.96,316.27,309.96,312.84,98.80654507
1558623600,1558627199,312.84,315.22,312.02,313.88,11.93259058
1558627200,1558630799,313.88,316.77,312.3,314.55,83.00287628
1558630800,1558634399,312.51,312.51,308.02,309.78,17.76876204
1558634400,1558637999,310.39,312.6,309.78,311.98,22.06366019
1558638000,1558641599,310.33,311.81,308.82,311.81,79.93501267
1558641600,1558645199,312.58,318.55,312.02,318.54,11.48922443
1558645200,1558648799,318.1,323.78,316.04,323.78,45.07430907
1558648800,1558652399,321.78,323.89,318.8,318.8,61.00442828
1558652400,1558655999,317.59,322.69,317.09,321.71,45.01546788
1558656000,1558659599,320.01,323.29,318.3,323.29,115.81652715
1558659600,1558663199,323.81,323.89,319.92,320.08,39.92845183
1558663200,1558666799,318.99,319.43,317.72,319.43,28.58171962
1558666800,1558670399,318.74,319.99,318.74,319.03,0.8030191
1558670400,1558673999,319.72,319.72,317.01,317.01,3.45228123
1558674000,1558677599,317.0,317.0,313.13,314.79,18.90285312
1558677600,1558681199,313.91,320.0,313.27,320.0,27.42030603
1558681200,1558684799,321.9,325.38,319.78,323.32,136.99798942
1558684800,1558688399,323.85,329.99,323.13,323.15,81.30295052
1558688400,1558691999,324.98,326.76,322.64,324.86,50.92685244
1558692000,1558695599,323.77,329.0,323.77,327.56,24.00684476
1558695600,1558699199,327.5,332.97,327.04,329.71,221.13682564
1558699200,1558702799,327.65,329.97,325.01,328.53,138.17524777
1558702800,1558706399,327.82,328.43,325.01,328.43,19.86504542
1558706400,1558709999,326.82,330.03,326.33,329.62,53.86675123
1558710000,1558713599,330.13,332.0,329.01,329.59,188.61327378
1558713600,1558717199,329,331.75,323.89,325.0,161.76316719
1558717200,1558720799,325,327.86,324.16,325.3,23.83458979
1558720800,1558724399,326.04,326.04,322.23,323.69,49.50671382
1558724400,1558727999,323.65,324.69,317.82,324.69,44.06094602
1558728000,1558731599,323.4,327.3,323.37,327.3,33.71300662
1558731600,1558735199,327.3,327.91,325.0,325.0,122.27923118
1558735200,1558738799,325.77,326.83,323.0,323.0,63.4266176
1558738800,1558742399,324.17,324.17,319.53,321.28,31.83479177
1558742400,1558745999,321.98,321.98,319.77,320.53,0.40975385
1558746000,1558749599,320.51,325.0,320.51,324.98,52.67303733
1558749600,1558753199,324.28,325.0,323.5,323.62,14.72131334
1558753200,1558756799,323.54,323.54,323.39,323.39,0.75
1558756800,1558760399,323.26,324.02,323.25,323.26,0.98766497
1558760400,1558763999,323.25,323.25,321.02,322.33,4.99930975
1558764000,1558767599,321.01,322.34,321.0,321.83,5.76624162
1558767600,1558771199,320.76,322.07,319.59,320.32,6.42277503
1558771200,1558774799,321,322.0,319.89,321.04,31.74004146
1558774800,1558778399,322,324.99,319.26,324.99,89.19219292
1558778400,1558781999,323.44,325,322.93,324.43,56.02947359
1558782000,1558785599,324.39,325,322.04,323.36,216.1876778
1558785600,1558789199,323.75,323.75,321.94,323.11,26.86390376
1558789200,1558792799,323.1,323.11,320.0,320.97,57.72838837
1558792800,1558796399,320.96,322.18,320.0,322.18,64.47276859
1558796400,1558799999,322.18,323.0,319.92,321.99,6.98608259
1558800000,1558803599,321.98,322.06,318.0,318.31,97.97277558
1558803600,1558807199,321.64,321.66,318.22,318.26,4.04695186
1558807200,1558810799,320.84,321.55,318.3,319.13,12.14136891
1558810800,1558814399,319.63,320.01,315.13,315.51,41.16695446
1558814400,1558817999,315.48,317.99,315.45,317.99,3.32525823
1558818000,1558821599,317.99,319.0,317.02,318.04,7.08944996
1558821600,1558825199,318.92,319,318.23,319.0,25.93844726
1558825200,1558828799,319.0,322,317.98,317.98,37.20432675
1558828800,1558832399,320.74,321.44,318.59,319.19,3.14463197
1558832400,1558835999,319.0,319.58,315.71,319.58,46.76901195
1558839600,1558843199,318.39,318.46,315.72,316.29,4.22474714
1558843200,1558846799,315.72,316.5,315.14,316.5,0.59898311
1558846800,1558850399,315.55,316.34,312.0,314.33,25.08605698
1558850400,1558853999,314.19,315.65,312.0,313.24,36.73416744
1558854000,1558857599,313.55,316.37,312.0,315.0,24.73799
1558857600,1558861199,315.0,315.6,312.03,315.6,41.7575273
1558861200,1558864799,316.0,317.11,315.01,315.59,34.79086898
1558864800,1558868399,313.68,315.03,312.41,313.33,30.26494416
1558868400,1558871999,313.4,314.02,309.0,310.82,105.55608433
1558872000,1558875599,310.82,314.6,310.8,311.13,87.08048393
1558875600,1558879199,311.07,319.49,309.92,319.48,60.25890956
1558879200,1558882799,319.48,320.18,316.91,319.49,118.34141461
1558882800,1558886399,318.32,319.62,315.49,318.12,18.91034502
1558886400,1558889999,317.09,319.26,316.26,319.26,7.11552452
1558890000,1558893599,317.44,319.98,315.66,315.69,4.28585169
1558893600,1558897199,318.6,320.47,316.51,318.32,75.76311666
1558897200,1558900799,319.99,332.0,319.95,330.7,241.75420662
1558900800,1558904399,331.99,335,330.18,331.2,614.10016726
1558904400,1558907999,331.22,338,305.0,335.08,359.81261252
1558908000,1558911599,335.08,338.5,328.03,330.1,108.76430509
1558911600,1558915199,332.69,342.99,330.22,340.99,166.92503276
1558915200,1558918799,339.29,346.37,338.38,342.78,234.48430014
1558918800,1558922399,342.86,343.82,337.57,338.0,52.94665668
1558922400,1558925999,338.78,339.0,336.01,339.0,24.32941248
1558926000,1558929599,341.99,349.25,341.99,345.51,60.94607225
1558929600,1558933199,344.27,344.27,339.13,339.92,43.99083151
1558933200,1558936799,341.52,345.05,339.2,341.96,30.22283927
1558936800,1558940399,342.04,343.72,339.1,341.44,11.17942627
1558940400,1558943999,341.9,345.39,339.73,341.58,102.28706863
1558944000,1558947599,340.05,342.23,335.61,339.45,99.43209888
1558947600,1558951199,339.03,342.49,339.03,342.13,11.34925504
1558951200,1558954799,342,343.01,339.46,341.66,72.09892095
1558954800,1558958399,343,343.39,338.81,341.57,51.81339029
1558958400,1558961999,341.71,345.0,341.59,345,59.38655927
1558962000,1558965599,345.0,346.57,342.89,344,40.40552097
1558965600,1558969199,343.57,345.45,340.42,344.79,86.25455605
1558969200,1558972799,345.0,350.0,344.28,348.0,117.47247918
1558972800,1558976399,348.0,360.0,329.87,338.76,405.68257796
1558976400,1558979999,339.28,341.82,334.68,336.26,269.99730666
1558980000,1558983599,335.19,343.45,334.53,343.45,47.3647056
1558983600,1558987199,342.36,344.49,341.53,344.01,68.62362694
1558987200,1558990799,342.51,342.51,339.36,342.31,18.85184218
1558990800,1558994399,339.76,344.1,339.04,341.69,341.43838937
1558994400,1558997999,341.88,343.94,340.23,343.1,182.70958699
1558998000,1559001599,343.77,352.75,343.54,347.0,214.8525058
1559001600,1559005199,350.0,350.75,343.0,344.31,54.45502751
1559005200,1559008799,344.29,348.54,343.32,347.41,22.63252946
1559008800,1559012399,348.74,349.86,347.27,347.44,8.67407399
1559012400,1559015999,347.24,347.24,346.18,346.23,18.47895113
1559016000,1559019599,346.02,347.81,345.42,345.42,49.42746801
1559019600,1559023199,344.76,345.01,341.3,341.3,81.69727227
1559023200,1559026799,340.77,341.99,338.88,340.98,19.42940586
1559026800,1559030399,340.39,344.8,339.57,343.8,57.14623738
1559030400,1559033999,343.4,343.76,340.45,343.76,7.44500183
1559034000,1559037599,343.35,345.48,341.89,343.93,101.08430575
1559037600,1559041199,341.79,342.63,340.0,340.63,41.60246768
1559041200,1559044799,340.63,344.5,340.35,344.5,41.87688098
1559044800,1559048399,342.71,343.82,340.67,341.01,101.23258642
1559048400,1559051999,341.22,342.0,336.77,338.33,104.31249784
1559052000,1559055599,340.73,342.52,338.0,340.46,190.00336697
1559055600,1559059199,340.63,343.94,339.62,343.94,24.82382967
1559059200,1559062799,343.06,343.38,339.94,342.43,20.35268279
1559062800,1559066399,340.74,346.38,339.63,345.8,53.9754438
1559066400,1559069999,345.15,347.0,344.11,346.25,36.40815278
1559070000,1559073599,346.25,347.56,343.32,346.11,40.89638999
1559073600,1559077199,343.92,347.7,343.92,347.04,37.58359127
1559077200,1559080799,347.49,347.49,344.76,346.77,33.41171602
1559080800,1559084399,346.77,348.46,343.7,343.7,29.77811663
1559084400,1559087999,343.77,345.43,340.64,344.69,108.65317328
1559088000,1559091599,343.57,343.57,340.19,342.82,17.17528768
1559091600,1559095199,341.86,341.86,341.06,341.06,6.17187127
1559095200,1559098799,341.2,342.19,340.75,341.41,90.68423774
1559098800,1559102399,341.33,342.0,340.0,340.0,39.84251633
1559102400,1559105999,339.47,341.38,336.26,337.34,98.46837189
1559106000,1559109599,337.63,337.63,332.0,336.11,51.83972656
1559109600,1559113199,337.0,338.54,335.7,336.47,25.85391491
1559113200,1559116799,338.02,339.63,336.11,338.77,27.43101384
1559116800,1559120399,338.0,350.0,338.0,348.06,90.00337552
1559120400,1559123999,348.06,348.68,345.84,347.74,93.26556375
1559124000,1559127599,348.68,356.83,346.99,353.51,171.96695078
1559127600,1559131199,353.94,353.94,348.04,349.63,28.67832437
1559131200,1559134799,348.89,354.41,348.89,353.99,57.74884584
1559134800,1559138399,352.57,366.99,351.14,364.46,432.52446675
1559138400,1559141999,365.0,365.0,357.63,359.65,108.69140309
1559142000,1559145599,360.17,367.2,360.17,367.08,102.0744508
1559145600,1559149199,364.46,366.12,361.02,365.4,125.78095022
1559149200,1559152799,365.26,365.26,361.0,361.97,55.26695024
1559152800,1559156399,361.0,362.52,360.16,360.91,51.51389081
1559156400,1559159999,362.49,364.95,361.41,362.99,64.72351455
1559160000,1559163599,361.76,364.78,358.83,359.93,284.90798697
1559163600,1559167199,361.61,361.61,357.2,361.3,35.54710244
1559167200,1559170799,361.48,364.45,360.1,361.95,39.57912112
1559170800,1559174399,361.57,363.26,358.21,363.26,57.20959847
1559174400,1559177999,364.0,378.97,358.73,376.14,277.96859621
1559178000,1559181599,376.15,382.0,367.96,371.57,190.75464276
1559181600,1559185199,371.11,372.59,369.0,369.48,8.67979149
1559185200,1559188799,371.86,375.29,371.07,373.3,11.27167447
1559188800,1559192399,374.06,374.18,370.0,372.29,80.05395029
1559192400,1559195999,371.96,375.06,370.02,371.2,56.92580276
1559196000,1559199599,370.02,375.89,370.02,373.07,92.26367237
1559199600,1559203199,371.1,382.29,371.09,375.0,232.33276059
1559203200,1559206799,375.0,376.06,365.66,370.0,147.15423853
1559206800,1559210399,369.93,373.94,369.27,373.62,31.1731199
1559210400,1559213999,373.62,375.46,369.38,374.11,55.96762018
1559214000,1559217599,372.97,373.29,369.19,371.05,54.90245313
1559217600,1559221199,370.41,372.62,369.27,372.23,36.30429207
1559221200,1559224799,371.17,376.24,369.0,370.62,138.72305932
1559224800,1559228399,372.46,375.44,370.59,375.44,53.93716481
1559228400,1559231999,372.58,379.98,372.58,379.98,151.57526122
1559232000,1559235599,379.22,380.9,360.0,360.74,670.4507335
1559235600,1559239199,360.0,365.99,348.05,357.74,490.17389838
1559239200,1559242799,357.74,360.92,356.01,359.99,68.0336582
1559242800,1559246399,359.0,360.92,356.7,356.71,67.40667319
1559246400,1559249999,356,356.0,346.12,349.0,266.433285
1559250000,1559253599,350,352.58,316.52,332.35,476.5427779
1559253600,1559257199,331.58,343.48,330.06,338.71,317.34054723
1559257200,1559260799,336.39,343.13,332.01,338.02,96.170789
1559260800,1559264399,338.01,343.4,338.0,340.94,122.44580842
1559264400,1559267999,341.22,342.93,338.58,338.58,28.65431892
1559268000,1559271599,338.01,340.59,336,336.0,33.4374499
1559271600,1559275199,335.01,338.0,335,337.18,40.65643427
1559275200,1559278799,336.52,340.07,332.0,332.0,25.92481421
1559278800,1559282399,331.0,336.37,328.53,335.73,100.78215118
1559282400,1559285999,336.05,339.75,334.29,338.46,105.96922609
1559286000,1559289599,338.78,339.78,335.25,338.88,44.9179359
1559289600,1559293199,337.9,339.67,335.27,336.77,60.65691793
1559293200,1559296799,336.84,339.63,335.75,337.83,47.66555836
1559296800,1559300399,336.48,340.0,336.36,340,34.54546921
1559300400,1559303999,340.0,340.42,336.23,337,44.31825806
1559304000,1559307599,337.0,339.98,336.14,338.77,80.95929652
1559307600,1559311199,339.99,349.1,339.99,345.16,85.43638598
1559311200,1559314799,349.09,350.26,343.25,349.1,121.79431213
1559314800,1559318399,349.36,349.36,338.99,340.14,132.69792892
1559318400,1559321999,340.01,344.31,337.53,342.0,74.92861203
1559322000,1559325599,341.0,343.43,339.31,343.43,6.94787881
1559325600,1559329199,341.32,345.49,341.32,342.14,17.11817873
1559329200,1559332799,343.73,345.16,341.18,343.0,8.56635327
1559332800,1559336399,343,345.14,341.05,345.14,4.35771597
1559336400,1559339999,347,350.55,345.56,350.55,92.82630588
1559340000,1559343599,348.97,353.7,346.41,350.86,6.22236619
1559343600,1559347199,351.71,356.0,350.31,356.0,30.41922781
1559347200,1559350799,355.15,356.0,350.04,355.99,14.15904733
1559350800,1559354399,354.49,356.02,352.2,356.01,17.06202578
1559354400,1559357999,352.82,354.15,352.82,354.15,7.33833445
1559358000,1559361599,355.04,355.04,355.04,355.04,0.05605142
1559361600,1559365199,353.03,354.84,352.7,354.84,2.99780041
1559365200,1559368799,352.7,353.36,345.79,345.79,124.22453429
1559368800,1559372399,345.82,352.04,345.82,352.04,18.3529914
1559372400,1559375999,352.04,352.28,348.6,352.28,26.96023014
1559376000,1559379599,351.91,352.22,348.88,351.98,3.68015776
1559379600,1559383199,352.0,355.99,349.92,352.13,37.03130973
1559383200,1559386799,353.2,354.96,350.95,353.09,42.72767586
1559386800,1559390399,353.34,353.41,350.36,351.0,31.98856279
1559390400,1559393999,352.28,353.33,350.53,353.03,32.29467312
1559394000,1559397599,350.93,352.33,349.33,350.07,8.36316363
1559397600,1559401199,351.97,351.97,340.83,345.46,72.76378415
1559401200,1559404799,345.5,347.58,345.46,346.69,7.88614266
1559404800,1559408399,346.12,349.84,345.46,347.41,9.1673134
1559408400,1559411999,346.86,346.86,342.95,344.06,13.02344047
1559412000,1559415599,344.3,346.38,344.1,345.25,1.80479498
1559415600,1559419199,346.62,347.45,345.94,345.96,3.09004101
1559419200,1559422799,348.29,349.9,346.19,347.96,3.80795281
1559422800,1559426399,349.82,350.0,348.25,348.88,5.54947858
1559426400,1559429999,350.0,350,346.28,348.06,16.75499692
1559430000,1559433599,345.46,346,344.02,344.88,21.45378753
1559433600,1559437199,347.8,348.99,345.94,347.39,1.55074423
1559437200,1559440799,348.83,349.85,346.95,349.42,10.53690382
1559440800,1559444399,349.42,349.96,347.02,349.96,2.38542699
1559448000,1559451599,348.14,349.99,348.14,348.32,1.00885529
1559451600,1559455199,349.99,350.05,348.44,350.05,3.65143584
1559455200,1559458799,350.05,350.52,349.14,350.52,4.54951964
1559458800,1559462399,350.52,354.95,350.52,353.95,18.42596852
1559462400,1559465999,354.98,359.63,353.96,357.87,102.01419255
1559466000,1559469599,356.37,357.49,352.36,352.36,80.98271792
1559469600,1559473199,353.06,354.34,351.49,354.31,7.78035219
1559473200,1559476799,354.35,354.35,353.35,354.35,9.51447318
1559476800,1559480399,355.83,358.11,355.7,355.7,75.55287013
1559480400,1559483999,354.01,356.0,351.01,353.1,109.78732754
1559484000,1559487599,351.5,353.87,351.21,353.32,4.69263896
1559487600,1559491199,353.38,354.35,350.25,350.25,9.87216525
1559491200,1559494799,350.53,352.17,350.07,350.25,3.90606178
1559494800,1559498399,353.49,353.49,350.5,350.72,5.33496683
1559498400,1559501999,350.5,351.62,346.54,348.64,118.79378299
1559502000,1559505599,348.64,351.08,347.5,348.86,7.43263107
1559505600,1559509199,350.95,352.33,349.1,351.47,1.4585978
1559509200,1559512799,351.17,352.39,349.25,349.25,24.84250337
1559512800,1559516399,350.95,351.87,349.7,351.04,30.88895085
1559516400,1559519999,351.91,352.95,350.48,350.48,11.60031355
1559520000,1559523599,350.0,353.5,349.26,350.0,15.85787372
1559523600,1559527199,349.75,353.25,349.61,350.92,11.01172733
1559527200,1559530799,350.91,354.1,350.91,351.98,1.31820103
1559530800,1559534399,353.6,353.61,350.91,350.91,2.07674174
1559538000,1559541599,350.52,351.66,348.02,348.25,6.04106478
1559541600,1559545199,350.16,350.25,340.0,340.0,33.60994557
1559545200,1559548799,339.02,340.21,334.27,338.5,128.71569937
1559548800,1559552399,338.66,342.19,338.01,338.01,39.13022319
1559552400,1559555999,338.0,341.46,336.8,341.46,83.53053798
1559556000,1559559599,338.68,344.31,338.68,341.28,22.99850382
1559559600,1559563199,342.75,344.96,339.87,339.95,80.56102247
1559563200,1559566799,340.45,342.6,339.5,342.02,26.00665998
1559566800,1559570399,342.02,342.29,338.38,338.38,3.22537943
1559570400,1559573999,338.01,340.6,331.65,336.26,166.53205461
1559574000,1559577599,334.96,337.92,331.48,336.55,32.80105176
1559577600,1559581199,336.23,339.98,335.89,337.73,51.47677414
1559581200,1559584799,339.02,339.02,334.25,335.35,74.78424856
1559584800,1559588399,336.29,338.85,334.78,337.78,30.6271264
1559588400,1559591999,338.94,339.98,337.3,338.46,2.42174507
1559592000,1559595599,338.28,339.98,337.17,339.98,15.93673201
1559595600,1559599199,339.44,339.56,336.62,336.72,4.83218234
1559599200,1559602799,335.38,336.52,331.17,334.53,40.41378727
1559602800,1559606399,335.79,335.79,312.99,320.0,243.99827684
1559606400,1559609999,312.88,329.71,297.73,314.3,323.56249279
1559610000,1559613599,313.52,322.52,313.18,314.52,68.72878396
1559613600,1559617199,314.5,316.68,313.98,314.76,31.53018179
1559617200,1559620799,316.15,316.57,307.41,307.41,41.03334997
1559620800,1559624399,311.29,314.54,307.52,314.54,29.75494827
1559624400,1559627999,314.1,314.78,309.98,309.98,81.86491577
1559628000,1559631599,310.01,311.56,305.07,305.13,175.3247097
1559631600,1559635199,305.44,311.73,302.5,311.66,159.67736465
